video_name,tag
v_shooting_08_01,basketball
v_shooting_08_02,basketball
v_shooting_08_03,basketball
v_shooting_08_04,basketball
v_shooting_09_01,basketball
v_shooting_09_02,basketball
v_shooting_09_03,basketball
v_shooting_09_04,basketball
v_shooting_09_05,basketball
v_shooting_10_01,basketball
v_shooting_10_02,basketball
v_shooting_10_03,basketball
v_shooting_10_04,basketball
v_shooting_10_05,basketball
v_shooting_11_01,basketball
v_shooting_11_02,basketball
v_shooting_11_03,basketball
v_shooting_11_04,basketball
v_shooting_11_05,basketball
v_shooting_12_01,basketball
v_shooting_12_02,basketball
v_shooting_12_03,basketball
v_shooting_12_04,basketball
v_shooting_12_05,basketball
v_shooting_13_01,basketball
v_shooting_13_02,basketball
v_shooting_13_03,basketball
v_shooting_08_05,basketball
v_shooting_14_01,basketball
v_shooting_14_02,basketball
v_shooting_14_03,basketball
v_shooting_14_04,basketball
v_shooting_14_05,basketball
v_shooting_15_01,basketball
v_shooting_15_02,basketball
v_shooting_15_03,basketball
v_shooting_15_04,basketball
v_shooting_15_05,basketball
v_shooting_15_06,basketball
v_shooting_15_07,basketball
v_shooting_16_01,basketball
v_shooting_16_02,basketball
v_shooting_16_03,basketball
v_shooting_16_04,basketball
v_shooting_16_05,basketball
v_shooting_16_06,basketball
v_shooting_16_07,basketball
v_shooting_17_01,basketball
v_shooting_17_02,basketball
v_shooting_17_03,basketball
v_shooting_17_04,basketball
v_shooting_18_01,basketball
v_shooting_18_02,basketball
v_shooting_18_03,basketball
v_shooting_18_04,basketball
v_shooting_18_05,basketball
v_shooting_19_01,basketball
v_shooting_19_02,basketball
v_shooting_19_03,basketball
v_shooting_19_04,basketball
v_shooting_19_05,basketball
v_shooting_19_06,basketball
v_shooting_19_07,basketball
v_shooting_19_08,basketball
v_shooting_20_01,basketball
v_shooting_20_02,basketball
v_shooting_20_03,basketball
v_shooting_20_04,basketball
v_shooting_20_05,basketball
v_shooting_20_06,basketball
v_shooting_20_07,basketball
v_shooting_21_01,basketball
v_shooting_21_02,basketball
v_shooting_21_03,basketball
v_shooting_21_04,basketball
v_shooting_21_05,basketball
v_shooting_21_06,basketball
v_shooting_22_01,basketball
v_shooting_22_02,basketball
v_shooting_22_03,basketball
v_shooting_22_04,basketball
v_shooting_22_05,basketball
v_shooting_22_06,basketball
v_shooting_22_07,basketball
v_shooting_22_08,basketball
v_shooting_23_01,basketball
v_shooting_23_02,basketball
v_shooting_23_03,basketball
v_shooting_23_04,basketball
v_shooting_23_05,basketball
v_shooting_23_06,basketball
v_shooting_24_01,basketball
v_shooting_24_02,basketball
v_shooting_24_03,basketball
v_shooting_24_04,basketball
v_shooting_24_05,basketball
v_shooting_24_06,basketball
v_shooting_25_01,basketball
v_shooting_25_02,basketball
v_shooting_25_03,basketball
v_shooting_25_04,basketball
v_shooting_25_05,basketball
v_shooting_25_06,basketball
v_shooting_25_07,basketball
v_shooting_25_08,basketball
v_shooting_25_09,basketball
v_biking_08_01,biking
v_biking_08_02,biking
v_biking_08_03,biking
v_biking_08_04,biking
v_biking_08_05,biking
v_biking_08_06,biking
v_biking_09_01,biking
v_biking_09_02,biking
v_biking_09_03,biking
v_biking_09_04,biking
v_biking_10_01,biking
v_biking_10_02,biking
v_biking_10_03,biking
v_biking_10_04,biking
v_biking_10_05,biking
v_biking_10_06,biking
v_biking_11_01,biking
v_biking_11_02,biking
v_biking_11_03,biking
v_biking_11_04,biking
v_biking_11_05,biking
v_biking_11_06,biking
v_biking_12_01,biking
v_biking_12_02,biking
v_biking_12_03,biking
v_biking_12_04,biking
v_biking_13_01,biking
v_biking_13_02,biking
v_biking_13_03,biking
v_biking_13_04,biking
v_biking_13_05,biking
v_biking_13_06,biking
v_biking_14_01,biking
v_biking_14_02,biking
v_biking_14_03,biking
v_biking_14_04,biking
v_biking_15_01,biking
v_biking_15_02,biking
v_biking_15_03,biking
v_biking_15_04,biking
v_biking_15_05,biking
v_biking_16_01,biking
v_biking_16_02,biking
v_biking_16_03,biking
v_biking_16_04,biking
v_biking_16_05,biking
v_biking_17_01,biking
v_biking_17_02,biking
v_biking_17_03,biking
v_biking_17_04,biking
v_biking_17_05,biking
v_biking_17_06,biking
v_biking_18_01,biking
v_biking_18_02,biking
v_biking_18_03,biking
v_biking_18_04,biking
v_biking_18_05,biking
v_biking_18_06,biking
v_biking_19_01,biking
v_biking_19_02,biking
v_biking_19_03,biking
v_biking_19_04,biking
v_biking_20_01,biking
v_biking_20_02,biking
v_biking_20_03,biking
v_biking_20_04,biking
v_biking_20_05,biking
v_biking_20_06,biking
v_biking_20_07,biking
v_biking_20_08,biking
v_biking_20_09,biking
v_biking_20_10,biking
v_biking_21_01,biking
v_biking_21_02,biking
v_biking_21_03,biking
v_biking_21_04,biking
v_biking_21_05,biking
v_biking_21_06,biking
v_biking_21_07,biking
v_biking_21_08,biking
v_biking_21_09,biking
v_biking_21_10,biking
v_biking_21_11,biking
v_biking_21_12,biking
v_biking_22_01,biking
v_biking_22_02,biking
v_biking_22_03,biking
v_biking_22_04,biking
v_biking_22_05,biking
v_biking_23_01,biking
v_biking_23_02,biking
v_biking_23_03,biking
v_biking_23_04,biking
v_biking_24_01,biking
v_biking_24_02,biking
v_biking_24_03,biking
v_biking_24_04,biking
v_biking_24_05,biking
v_biking_24_06,biking
v_biking_24_07,biking
v_biking_24_08,biking
v_biking_25_01,biking
v_biking_25_02,biking
v_biking_25_03,biking
v_biking_25_04,biking
v_diving_08_01,diving
v_diving_08_02,diving
v_diving_08_03,diving
v_diving_08_04,diving
v_diving_08_05,diving
v_diving_08_06,diving
v_diving_09_01,diving
v_diving_09_02,diving
v_diving_09_03,diving
v_diving_09_04,diving
v_diving_09_05,diving
v_diving_09_06,diving
v_diving_09_07,diving
v_diving_10_01,diving
v_diving_10_02,diving
v_diving_10_03,diving
v_diving_10_04,diving
v_diving_10_05,diving
v_diving_10_06,diving
v_diving_10_07,diving
v_diving_11_01,diving
v_diving_11_02,diving
v_diving_11_03,diving
v_diving_11_04,diving
v_diving_11_05,diving
v_diving_11_06,diving
v_diving_12_01,diving
v_diving_12_02,diving
v_diving_12_03,diving
v_diving_12_04,diving
v_diving_12_05,diving
v_diving_12_06,diving
v_diving_12_07,diving
v_diving_13_01,diving
v_diving_13_02,diving
v_diving_13_03,diving
v_diving_13_04,diving
v_diving_13_05,diving
v_diving_13_06,diving
v_diving_13_07,diving
v_diving_14_01,diving
v_diving_14_02,diving
v_diving_14_03,diving
v_diving_14_04,diving
v_diving_15_01,diving
v_diving_15_02,diving
v_diving_15_03,diving
v_diving_15_04,diving
v_diving_15_05,diving
v_diving_15_06,diving
v_diving_15_07,diving
v_diving_15_08,diving
v_diving_15_09,diving
v_diving_16_01,diving
v_diving_16_02,diving
v_diving_16_03,diving
v_diving_16_04,diving
v_diving_16_05,diving
v_diving_16_06,diving
v_diving_16_07,diving
v_diving_16_08,diving
v_diving_17_01,diving
v_diving_17_02,diving
v_diving_17_03,diving
v_diving_17_04,diving
v_diving_18_01,diving
v_diving_18_02,diving
v_diving_18_03,diving
v_diving_18_04,diving
v_diving_19_01,diving
v_diving_19_02,diving
v_diving_19_03,diving
v_diving_19_04,diving
v_diving_20_01,diving
v_diving_20_02,diving
v_diving_20_03,diving
v_diving_20_04,diving
v_diving_20_05,diving
v_diving_20_06,diving
v_diving_20_07,diving
v_diving_21_01,diving
v_diving_21_02,diving
v_diving_21_03,diving
v_diving_21_04,diving
v_diving_21_05,diving
v_diving_21_06,diving
v_diving_21_07,diving
v_diving_22_01,diving
v_diving_22_02,diving
v_diving_22_03,diving
v_diving_22_04,diving
v_diving_22_05,diving
v_diving_22_06,diving
v_diving_23_01,diving
v_diving_23_02,diving
v_diving_23_03,diving
v_diving_23_04,diving
v_diving_23_05,diving
v_diving_23_06,diving
v_diving_24_01,diving
v_diving_24_02,diving
v_diving_24_03,diving
v_diving_24_04,diving
v_diving_24_05,diving
v_diving_24_06,diving
v_diving_24_07,diving
v_diving_25_01,diving
v_diving_25_02,diving
v_diving_25_03,diving
v_diving_25_04,diving
v_golf_08_01,golf_swing
v_golf_08_02,golf_swing
v_golf_08_03,golf_swing
v_golf_08_04,golf_swing
v_golf_08_05,golf_swing
v_golf_08_06,golf_swing
v_golf_09_01,golf_swing
v_golf_09_02,golf_swing
v_golf_09_03,golf_swing
v_golf_09_04,golf_swing
v_golf_10_01,golf_swing
v_golf_10_02,golf_swing
v_golf_10_03,golf_swing
v_golf_10_04,golf_swing
v_golf_11_01,golf_swing
v_golf_11_02,golf_swing
v_golf_11_03,golf_swing
v_golf_11_04,golf_swing
v_golf_11_05,golf_swing
v_golf_11_06,golf_swing
v_golf_11_07,golf_swing
v_golf_12_01,golf_swing
v_golf_12_02,golf_swing
v_golf_12_03,golf_swing
v_golf_12_04,golf_swing
v_golf_13_01,golf_swing
v_golf_13_02,golf_swing
v_golf_13_03,golf_swing
v_golf_13_04,golf_swing
v_golf_14_01,golf_swing
v_golf_14_02,golf_swing
v_golf_14_03,golf_swing
v_golf_14_04,golf_swing
v_golf_15_01,golf_swing
v_golf_15_02,golf_swing
v_golf_15_03,golf_swing
v_golf_15_04,golf_swing
v_golf_16_01,golf_swing
v_golf_16_02,golf_swing
v_golf_16_03,golf_swing
v_golf_16_04,golf_swing
v_golf_17_01,golf_swing
v_golf_17_02,golf_swing
v_golf_17_03,golf_swing
v_golf_17_04,golf_swing
v_golf_17_05,golf_swing
v_golf_17_06,golf_swing
v_golf_17_07,golf_swing
v_golf_17_08,golf_swing
v_golf_18_01,golf_swing
v_golf_18_02,golf_swing
v_golf_18_03,golf_swing
v_golf_18_04,golf_swing
v_golf_18_05,golf_swing
v_golf_18_06,golf_swing
v_golf_19_01,golf_swing
v_golf_19_02,golf_swing
v_golf_19_03,golf_swing
v_golf_19_04,golf_swing
v_golf_19_05,golf_swing
v_golf_19_06,golf_swing
v_golf_20_01,golf_swing
v_golf_20_02,golf_swing
v_golf_20_03,golf_swing
v_golf_20_04,golf_swing
v_golf_20_05,golf_swing
v_golf_20_06,golf_swing
v_golf_20_07,golf_swing
v_golf_21_01,golf_swing
v_golf_21_02,golf_swing
v_golf_21_03,golf_swing
v_golf_21_04,golf_swing
v_golf_21_05,golf_swing
v_golf_21_06,golf_swing
v_golf_22_01,golf_swing
v_golf_22_02,golf_swing
v_golf_22_03,golf_swing
v_golf_22_04,golf_swing
v_golf_22_05,golf_swing
v_golf_22_06,golf_swing
v_golf_23_01,golf_swing
v_golf_23_02,golf_swing
v_golf_23_03,golf_swing
v_golf_23_04,golf_swing
v_golf_23_05,golf_swing
v_golf_23_06,golf_swing
v_golf_23_07,golf_swing
v_golf_23_08,golf_swing
v_golf_24_01,golf_swing
v_golf_24_02,golf_swing
v_golf_24_03,golf_swing
v_golf_24_04,golf_swing
v_golf_24_05,golf_swing
v_golf_24_06,golf_swing
v_golf_24_07,golf_swing
v_golf_25_01,golf_swing
v_golf_25_02,golf_swing
v_golf_25_03,golf_swing
v_golf_25_04,golf_swing
v_golf_25_05,golf_swing
v_golf_25_06,golf_swing
v_golf_25_07,golf_swing
v_riding_08_01,horse_riding
v_riding_08_02,horse_riding
v_riding_08_03,horse_riding
v_riding_08_04,horse_riding
v_riding_08_05,horse_riding
v_riding_08_06,horse_riding
v_riding_09_01,horse_riding
v_riding_09_02,horse_riding
v_riding_09_03,horse_riding
v_riding_09_04,horse_riding
v_riding_09_05,horse_riding
v_riding_09_06,horse_riding
v_riding_10_01,horse_riding
v_riding_10_02,horse_riding
v_riding_10_03,horse_riding
v_riding_10_04,horse_riding
v_riding_10_05,horse_riding
v_riding_10_06,horse_riding
v_riding_10_07,horse_riding
v_riding_10_08,horse_riding
v_riding_11_01,horse_riding
v_riding_11_02,horse_riding
v_riding_11_03,horse_riding
v_riding_11_04,horse_riding
v_riding_11_05,horse_riding
v_riding_11_06,horse_riding
v_riding_11_07,horse_riding
v_riding_12_01,horse_riding
v_riding_12_02,horse_riding
v_riding_12_03,horse_riding
v_riding_12_04,horse_riding
v_riding_12_05,horse_riding
v_riding_12_06,horse_riding
v_riding_12_07,horse_riding
v_riding_13_01,horse_riding
v_riding_13_02,horse_riding
v_riding_13_03,horse_riding
v_riding_13_04,horse_riding
v_riding_14_01,horse_riding
v_riding_14_02,horse_riding
v_riding_14_03,horse_riding
v_riding_14_04,horse_riding
v_riding_14_05,horse_riding
v_riding_14_06,horse_riding
v_riding_14_07,horse_riding
v_riding_14_08,horse_riding
v_riding_15_01,horse_riding
v_riding_15_02,horse_riding
v_riding_15_03,horse_riding
v_riding_15_04,horse_riding
v_riding_15_05,horse_riding
v_riding_15_06,horse_riding
v_riding_15_07,horse_riding
v_riding_16_01,horse_riding
v_riding_16_02,horse_riding
v_riding_16_03,horse_riding
v_riding_16_04,horse_riding
v_riding_16_05,horse_riding
v_riding_16_06,horse_riding
v_riding_17_01,horse_riding
v_riding_17_02,horse_riding
v_riding_17_03,horse_riding
v_riding_17_04,horse_riding
v_riding_17_05,horse_riding
v_riding_17_06,horse_riding
v_riding_18_01,horse_riding
v_riding_18_02,horse_riding
v_riding_18_03,horse_riding
v_riding_18_04,horse_riding
v_riding_18_05,horse_riding
v_riding_18_06,horse_riding
v_riding_19_01,horse_riding
v_riding_19_02,horse_riding
v_riding_19_03,horse_riding
v_riding_19_04,horse_riding
v_riding_19_05,horse_riding
v_riding_19_06,horse_riding
v_riding_19_07,horse_riding
v_riding_19_08,horse_riding
v_riding_19_09,horse_riding
v_riding_20_01,horse_riding
v_riding_20_02,horse_riding
v_riding_20_03,horse_riding
v_riding_20_04,horse_riding
v_riding_20_05,horse_riding
v_riding_20_06,horse_riding
v_riding_20_07,horse_riding
v_riding_20_08,horse_riding
v_riding_21_01,horse_riding
v_riding_21_02,horse_riding
v_riding_21_03,horse_riding
v_riding_21_04,horse_riding
v_riding_21_05,horse_riding
v_riding_21_06,horse_riding
v_riding_22_01,horse_riding
v_riding_22_02,horse_riding
v_riding_22_03,horse_riding
v_riding_22_04,horse_riding
v_riding_22_05,horse_riding
v_riding_22_06,horse_riding
v_riding_22_07,horse_riding
v_riding_23_01,horse_riding
v_riding_23_02,horse_riding
v_riding_23_03,horse_riding
v_riding_23_04,horse_riding
v_riding_23_05,horse_riding
v_riding_23_06,horse_riding
v_riding_24_01,horse_riding
v_riding_24_02,horse_riding
v_riding_24_03,horse_riding
v_riding_24_04,horse_riding
v_riding_24_05,horse_riding
v_riding_24_06,horse_riding
v_riding_24_07,horse_riding
v_riding_24_08,horse_riding
v_riding_25_01,horse_riding
v_riding_25_02,horse_riding
v_riding_25_03,horse_riding
v_riding_25_04,horse_riding
v_riding_25_05,horse_riding
v_riding_25_06,horse_riding
v_riding_25_07,horse_riding
v_riding_25_08,horse_riding
v_riding_25_09,horse_riding
v_riding_25_10,horse_riding
v_riding_25_11,horse_riding
v_riding_25_12,horse_riding
v_riding_25_13,horse_riding
v_riding_25_14,horse_riding
v_riding_25_15,horse_riding
v_riding_25_16,horse_riding
v_riding_25_17,horse_riding
v_riding_25_18,horse_riding
v_riding_25_19,horse_riding
v_riding_25_20,horse_riding
v_riding_25_21,horse_riding
v_riding_25_22,horse_riding
v_riding_25_23,horse_riding
v_juggle_08_01,soccer_juggling
v_juggle_08_02,soccer_juggling
v_juggle_08_03,soccer_juggling
v_juggle_08_04,soccer_juggling
v_juggle_09_01,soccer_juggling
v_juggle_09_02,soccer_juggling
v_juggle_09_03,soccer_juggling
v_juggle_09_04,soccer_juggling
v_juggle_09_05,soccer_juggling
v_juggle_09_06,soccer_juggling
v_juggle_09_07,soccer_juggling
v_juggle_10_01,soccer_juggling
v_juggle_10_02,soccer_juggling
v_juggle_10_03,soccer_juggling
v_juggle_10_04,soccer_juggling
v_juggle_11_01,soccer_juggling
v_juggle_11_02,soccer_juggling
v_juggle_11_03,soccer_juggling
v_juggle_11_04,soccer_juggling
v_juggle_11_05,soccer_juggling
v_juggle_11_06,soccer_juggling
v_juggle_12_01,soccer_juggling
v_juggle_12_02,soccer_juggling
v_juggle_12_03,soccer_juggling
v_juggle_12_04,soccer_juggling
v_juggle_12_05,soccer_juggling
v_juggle_12_06,soccer_juggling
v_juggle_13_01,soccer_juggling
v_juggle_13_02,soccer_juggling
v_juggle_13_03,soccer_juggling
v_juggle_13_04,soccer_juggling
v_juggle_13_05,soccer_juggling
v_juggle_14_01,soccer_juggling
v_juggle_14_02,soccer_juggling
v_juggle_14_03,soccer_juggling
v_juggle_14_04,soccer_juggling
v_juggle_14_05,soccer_juggling
v_juggle_14_06,soccer_juggling
v_juggle_14_07,soccer_juggling
v_juggle_14_08,soccer_juggling
v_juggle_14_09,soccer_juggling
v_juggle_14_10,soccer_juggling
v_juggle_15_01,soccer_juggling
v_juggle_15_02,soccer_juggling
v_juggle_15_03,soccer_juggling
v_juggle_15_04,soccer_juggling
v_juggle_16_01,soccer_juggling
v_juggle_16_02,soccer_juggling
v_juggle_16_03,soccer_juggling
v_juggle_16_04,soccer_juggling
v_juggle_16_05,soccer_juggling
v_juggle_16_06,soccer_juggling
v_juggle_16_07,soccer_juggling
v_juggle_16_08,soccer_juggling
v_juggle_17_01,soccer_juggling
v_juggle_17_02,soccer_juggling
v_juggle_17_03,soccer_juggling
v_juggle_17_04,soccer_juggling
v_juggle_17_05,soccer_juggling
v_juggle_17_06,soccer_juggling
v_juggle_17_07,soccer_juggling
v_juggle_18_01,soccer_juggling
v_juggle_18_02,soccer_juggling
v_juggle_18_03,soccer_juggling
v_juggle_18_04,soccer_juggling
v_juggle_18_05,soccer_juggling
v_juggle_18_06,soccer_juggling
v_juggle_18_07,soccer_juggling
v_juggle_18_08,soccer_juggling
v_juggle_19_01,soccer_juggling
v_juggle_19_02,soccer_juggling
v_juggle_19_03,soccer_juggling
v_juggle_19_04,soccer_juggling
v_juggle_19_05,soccer_juggling
v_juggle_19_06,soccer_juggling
v_juggle_19_07,soccer_juggling
v_juggle_19_08,soccer_juggling
v_juggle_20_01,soccer_juggling
v_juggle_20_02,soccer_juggling
v_juggle_20_03,soccer_juggling
v_juggle_20_04,soccer_juggling
v_juggle_20_05,soccer_juggling
v_juggle_20_06,soccer_juggling
v_juggle_21_01,soccer_juggling
v_juggle_21_02,soccer_juggling
v_juggle_21_03,soccer_juggling
v_juggle_21_04,soccer_juggling
v_juggle_21_05,soccer_juggling
v_juggle_22_01,soccer_juggling
v_juggle_22_02,soccer_juggling
v_juggle_22_03,soccer_juggling
v_juggle_22_04,soccer_juggling
v_juggle_22_05,soccer_juggling
v_juggle_22_06,soccer_juggling
v_juggle_22_07,soccer_juggling
v_juggle_22_08,soccer_juggling
v_juggle_23_01,soccer_juggling
v_juggle_23_02,soccer_juggling
v_juggle_23_03,soccer_juggling
v_juggle_23_04,soccer_juggling
v_juggle_23_05,soccer_juggling
v_juggle_23_06,soccer_juggling
v_juggle_24_01,soccer_juggling
v_juggle_24_02,soccer_juggling
v_juggle_24_03,soccer_juggling
v_juggle_24_04,soccer_juggling
v_juggle_24_05,soccer_juggling
v_juggle_24_06,soccer_juggling
v_juggle_24_07,soccer_juggling
v_juggle_24_08,soccer_juggling
v_juggle_25_01,soccer_juggling
v_juggle_25_02,soccer_juggling
v_juggle_25_03,soccer_juggling
v_juggle_25_04,soccer_juggling
v_juggle_25_05,soccer_juggling
v_juggle_25_06,soccer_juggling
v_swing_08_01,swing
v_swing_08_02,swing
v_swing_08_03,swing
v_swing_08_04,swing
v_swing_08_05,swing
v_swing_09_01,swing
v_swing_09_02,swing
v_swing_09_03,swing
v_swing_09_04,swing
v_swing_09_05,swing
v_swing_09_06,swing
v_swing_10_01,swing
v_swing_10_02,swing
v_swing_10_03,swing
v_swing_10_04,swing
v_swing_11_01,swing
v_swing_11_02,swing
v_swing_11_03,swing
v_swing_11_04,swing
v_swing_11_05,swing
v_swing_11_06,swing
v_swing_12_01,swing
v_swing_12_02,swing
v_swing_12_03,swing
v_swing_12_04,swing
v_swing_13_01,swing
v_swing_13_02,swing
v_swing_13_03,swing
v_swing_13_04,swing
v_swing_14_01,swing
v_swing_14_02,swing
v_swing_14_03,swing
v_swing_14_04,swing
v_swing_14_05,swing
v_swing_15_01,swing
v_swing_15_02,swing
v_swing_15_03,swing
v_swing_15_04,swing
v_swing_15_05,swing
v_swing_15_06,swing
v_swing_15_07,swing
v_swing_15_08,swing
v_swing_16_01,swing
v_swing_16_02,swing
v_swing_16_03,swing
v_swing_16_04,swing
v_swing_16_05,swing
v_swing_17_01,swing
v_swing_17_02,swing
v_swing_17_03,swing
v_swing_17_04,swing
v_swing_18_01,swing
v_swing_18_02,swing
v_swing_18_03,swing
v_swing_18_04,swing
v_swing_19_01,swing
v_swing_19_02,swing
v_swing_19_03,swing
v_swing_19_04,swing
v_swing_20_01,swing
v_swing_20_02,swing
v_swing_20_03,swing
v_swing_20_04,swing
v_swing_20_05,swing
v_swing_20_06,swing
v_swing_21_01,swing
v_swing_21_02,swing
v_swing_21_03,swing
v_swing_21_04,swing
v_swing_21_05,swing
v_swing_21_06,swing
v_swing_22_01,swing
v_swing_22_02,swing
v_swing_22_03,swing
v_swing_22_04,swing
v_swing_22_05,swing
v_swing_23_01,swing
v_swing_23_02,swing
v_swing_23_03,swing
v_swing_23_04,swing
v_swing_23_05,swing
v_swing_24_01,swing
v_swing_24_02,swing
v_swing_24_03,swing
v_swing_24_04,swing
v_swing_24_05,swing
v_swing_25_01,swing
v_swing_25_02,swing
v_swing_25_03,swing
v_swing_25_04,swing
v_tennis_08_01,tennis_swing
v_tennis_08_02,tennis_swing
v_tennis_08_03,tennis_swing
v_tennis_08_04,tennis_swing
v_tennis_08_05,tennis_swing
v_tennis_08_06,tennis_swing
v_tennis_09_01,tennis_swing
v_tennis_09_02,tennis_swing
v_tennis_09_03,tennis_swing
v_tennis_09_04,tennis_swing
v_tennis_09_05,tennis_swing
v_tennis_09_06,tennis_swing
v_tennis_09_07,tennis_swing
v_tennis_10_01,tennis_swing
v_tennis_10_02,tennis_swing
v_tennis_10_03,tennis_swing
v_tennis_10_04,tennis_swing
v_tennis_10_05,tennis_swing
v_tennis_10_06,tennis_swing
v_tennis_10_07,tennis_swing
v_tennis_11_01,tennis_swing
v_tennis_11_02,tennis_swing
v_tennis_11_03,tennis_swing
v_tennis_11_04,tennis_swing
v_tennis_11_05,tennis_swing
v_tennis_11_06,tennis_swing
v_tennis_11_07,tennis_swing
v_tennis_12_01,tennis_swing
v_tennis_12_02,tennis_swing
v_tennis_12_03,tennis_swing
v_tennis_12_04,tennis_swing
v_tennis_12_05,tennis_swing
v_tennis_12_06,tennis_swing
v_tennis_12_07,tennis_swing
v_tennis_13_01,tennis_swing
v_tennis_13_02,tennis_swing
v_tennis_13_03,tennis_swing
v_tennis_13_04,tennis_swing
v_tennis_13_05,tennis_swing
v_tennis_13_06,tennis_swing
v_tennis_13_07,tennis_swing
v_tennis_14_01,tennis_swing
v_tennis_14_02,tennis_swing
v_tennis_14_03,tennis_swing
v_tennis_14_04,tennis_swing
v_tennis_14_05,tennis_swing
v_tennis_14_06,tennis_swing
v_tennis_14_07,tennis_swing
v_tennis_15_01,tennis_swing
v_tennis_15_02,tennis_swing
v_tennis_15_03,tennis_swing
v_tennis_15_04,tennis_swing
v_tennis_15_05,tennis_swing
v_tennis_15_06,tennis_swing
v_tennis_15_07,tennis_swing
v_tennis_15_08,tennis_swing
v_tennis_16_01,tennis_swing
v_tennis_16_02,tennis_swing
v_tennis_16_03,tennis_swing
v_tennis_16_04,tennis_swing
v_tennis_16_05,tennis_swing
v_tennis_16_06,tennis_swing
v_tennis_16_07,tennis_swing
v_tennis_17_01,tennis_swing
v_tennis_17_02,tennis_swing
v_tennis_17_03,tennis_swing
v_tennis_17_04,tennis_swing
v_tennis_17_05,tennis_swing
v_tennis_17_06,tennis_swing
v_tennis_17_07,tennis_swing
v_tennis_18_01,tennis_swing
v_tennis_18_02,tennis_swing
v_tennis_18_03,tennis_swing
v_tennis_18_04,tennis_swing
v_tennis_18_05,tennis_swing
v_tennis_18_06,tennis_swing
v_tennis_19_01,tennis_swing
v_tennis_19_02,tennis_swing
v_tennis_19_03,tennis_swing
v_tennis_19_04,tennis_swing
v_tennis_19_05,tennis_swing
v_tennis_19_06,tennis_swing
v_tennis_20_01,tennis_swing
v_tennis_20_02,tennis_swing
v_tennis_20_03,tennis_swing
v_tennis_20_04,tennis_swing
v_tennis_20_05,tennis_swing
v_tennis_20_06,tennis_swing
v_tennis_21_01,tennis_swing
v_tennis_21_02,tennis_swing
v_tennis_21_03,tennis_swing
v_tennis_21_04,tennis_swing
v_tennis_21_05,tennis_swing
v_tennis_21_06,tennis_swing
v_tennis_22_01,tennis_swing
v_tennis_22_02,tennis_swing
v_tennis_22_03,tennis_swing
v_tennis_22_04,tennis_swing
v_tennis_22_05,tennis_swing
v_tennis_22_06,tennis_swing
v_tennis_23_01,tennis_swing
v_tennis_23_02,tennis_swing
v_tennis_23_03,tennis_swing
v_tennis_23_04,tennis_swing
v_tennis_23_05,tennis_swing
v_tennis_23_06,tennis_swing
v_tennis_24_01,tennis_swing
v_tennis_24_02,tennis_swing
v_tennis_24_03,tennis_swing
v_tennis_24_04,tennis_swing
v_tennis_24_05,tennis_swing
v_tennis_24_06,tennis_swing
v_tennis_25_01,tennis_swing
v_tennis_25_02,tennis_swing
v_tennis_25_03,tennis_swing
v_tennis_25_04,tennis_swing
v_tennis_25_05,tennis_swing
v_tennis_25_06,tennis_swing
v_jumping_08_01,trampoline_jumping
v_jumping_08_02,trampoline_jumping
v_jumping_08_03,trampoline_jumping
v_jumping_08_04,trampoline_jumping
v_jumping_09_01,trampoline_jumping
v_jumping_09_02,trampoline_jumping
v_jumping_09_03,trampoline_jumping
v_jumping_09_04,trampoline_jumping
v_jumping_09_05,trampoline_jumping
v_jumping_09_06,trampoline_jumping
v_jumping_10_01,trampoline_jumping
v_jumping_10_02,trampoline_jumping
v_jumping_10_03,trampoline_jumping
v_jumping_10_04,trampoline_jumping
v_jumping_10_05,trampoline_jumping
v_jumping_10_06,trampoline_jumping
v_jumping_11_01,trampoline_jumping
v_jumping_11_02,trampoline_jumping
v_jumping_11_03,trampoline_jumping
v_jumping_11_04,trampoline_jumping
v_jumping_11_05,trampoline_jumping
v_jumping_11_06,trampoline_jumping
v_jumping_12_01,trampoline_jumping
v_jumping_12_02,trampoline_jumping
v_jumping_12_03,trampoline_jumping
v_jumping_12_04,trampoline_jumping
v_jumping_12_05,trampoline_jumping
v_jumping_13_01,trampoline_jumping
v_jumping_13_02,trampoline_jumping
v_jumping_13_03,trampoline_jumping
v_jumping_13_04,trampoline_jumping
v_jumping_14_01,trampoline_jumping
v_jumping_14_02,trampoline_jumping
v_jumping_14_03,trampoline_jumping
v_jumping_14_04,trampoline_jumping
v_jumping_15_01,trampoline_jumping
v_jumping_15_02,trampoline_jumping
v_jumping_15_03,trampoline_jumping
v_jumping_15_04,trampoline_jumping
v_jumping_15_05,trampoline_jumping
v_jumping_16_01,trampoline_jumping
v_jumping_16_02,trampoline_jumping
v_jumping_16_03,trampoline_jumping
v_jumping_16_04,trampoline_jumping
v_jumping_16_05,trampoline_jumping
v_jumping_16_06,trampoline_jumping
v_jumping_17_01,trampoline_jumping
v_jumping_17_02,trampoline_jumping
v_jumping_17_03,trampoline_jumping
v_jumping_17_04,trampoline_jumping
v_jumping_18_01,trampoline_jumping
v_jumping_18_02,trampoline_jumping
v_jumping_18_03,trampoline_jumping
v_jumping_18_04,trampoline_jumping
v_jumping_19_01,trampoline_jumping
v_jumping_19_02,trampoline_jumping
v_jumping_19_03,trampoline_jumping
v_jumping_19_04,trampoline_jumping
v_jumping_19_05,trampoline_jumping
v_jumping_19_06,trampoline_jumping
v_jumping_20_01,trampoline_jumping
v_jumping_20_02,trampoline_jumping
v_jumping_20_03,trampoline_jumping
v_jumping_20_04,trampoline_jumping
v_jumping_20_05,trampoline_jumping
v_jumping_21_01,trampoline_jumping
v_jumping_21_02,trampoline_jumping
v_jumping_21_03,trampoline_jumping
v_jumping_21_04,trampoline_jumping
v_jumping_22_01,trampoline_jumping
v_jumping_22_02,trampoline_jumping
v_jumping_22_03,trampoline_jumping
v_jumping_22_04,trampoline_jumping
v_jumping_22_05,trampoline_jumping
v_jumping_22_06,trampoline_jumping
v_jumping_23_01,trampoline_jumping
v_jumping_23_02,trampoline_jumping
v_jumping_23_03,trampoline_jumping
v_jumping_23_04,trampoline_jumping
v_jumping_24_01,trampoline_jumping
v_jumping_24_02,trampoline_jumping
v_jumping_24_03,trampoline_jumping
v_jumping_24_04,trampoline_jumping
v_jumping_25_01,trampoline_jumping
v_jumping_25_02,trampoline_jumping
v_jumping_25_03,trampoline_jumping
v_jumping_25_04,trampoline_jumping
v_spiking_08_01,volleyball_spiking
v_spiking_08_02,volleyball_spiking
v_spiking_08_03,volleyball_spiking
v_spiking_08_04,volleyball_spiking
v_spiking_08_05,volleyball_spiking
v_spiking_08_06,volleyball_spiking
v_spiking_09_01,volleyball_spiking
v_spiking_09_02,volleyball_spiking
v_spiking_09_03,volleyball_spiking
v_spiking_09_04,volleyball_spiking
v_spiking_09_05,volleyball_spiking
v_spiking_09_06,volleyball_spiking
v_spiking_10_01,volleyball_spiking
v_spiking_10_02,volleyball_spiking
v_spiking_10_03,volleyball_spiking
v_spiking_10_04,volleyball_spiking
v_spiking_11_01,volleyball_spiking
v_spiking_11_02,volleyball_spiking
v_spiking_11_03,volleyball_spiking
v_spiking_11_04,volleyball_spiking
v_spiking_11_05,volleyball_spiking
v_spiking_11_06,volleyball_spiking
v_spiking_12_01,volleyball_spiking
v_spiking_12_02,volleyball_spiking
v_spiking_12_03,volleyball_spiking
v_spiking_12_04,volleyball_spiking
v_spiking_13_01,volleyball_spiking
v_spiking_13_02,volleyball_spiking
v_spiking_13_03,volleyball_spiking
v_spiking_13_04,volleyball_spiking
v_spiking_13_05,volleyball_spiking
v_spiking_13_06,volleyball_spiking
v_spiking_13_07,volleyball_spiking
v_spiking_14_01,volleyball_spiking
v_spiking_14_02,volleyball_spiking
v_spiking_14_03,volleyball_spiking
v_spiking_14_04,volleyball_spiking
v_spiking_15_01,volleyball_spiking
v_spiking_15_02,volleyball_spiking
v_spiking_15_03,volleyball_spiking
v_spiking_15_04,volleyball_spiking
v_spiking_16_01,volleyball_spiking
v_spiking_16_02,volleyball_spiking
v_spiking_16_03,volleyball_spiking
v_spiking_16_04,volleyball_spiking
v_spiking_17_01,volleyball_spiking
v_spiking_17_02,volleyball_spiking
v_spiking_17_03,volleyball_spiking
v_spiking_17_04,volleyball_spiking
v_spiking_18_01,volleyball_spiking
v_spiking_18_02,volleyball_spiking
v_spiking_18_03,volleyball_spiking
v_spiking_18_04,volleyball_spiking
v_spiking_19_01,volleyball_spiking
v_spiking_19_02,volleyball_spiking
v_spiking_19_03,volleyball_spiking
v_spiking_19_04,volleyball_spiking
v_spiking_20_01,volleyball_spiking
v_spiking_20_02,volleyball_spiking
v_spiking_20_03,volleyball_spiking
v_spiking_20_04,volleyball_spiking
v_spiking_21_01,volleyball_spiking
v_spiking_21_02,volleyball_spiking
v_spiking_21_03,volleyball_spiking
v_spiking_21_04,volleyball_spiking
v_spiking_22_01,volleyball_spiking
v_spiking_22_02,volleyball_spiking
v_spiking_22_03,volleyball_spiking
v_spiking_22_04,volleyball_spiking
v_spiking_23_01,volleyball_spiking
v_spiking_23_02,volleyball_spiking
v_spiking_23_03,volleyball_spiking
v_spiking_23_04,volleyball_spiking
v_spiking_24_01,volleyball_spiking
v_spiking_24_02,volleyball_spiking
v_spiking_24_03,volleyball_spiking
v_spiking_24_04,volleyball_spiking
v_spiking_25_01,volleyball_spiking
v_spiking_25_02,volleyball_spiking
v_spiking_25_03,volleyball_spiking
v_spiking_25_04,volleyball_spiking
v_walk_dog_08_01,walking
v_walk_dog_08_02,walking
v_walk_dog_08_03,walking
v_walk_dog_08_04,walking
v_walk_dog_08_05,walking
v_walk_dog_09_01,walking
v_walk_dog_09_02,walking
v_walk_dog_09_03,walking
v_walk_dog_09_04,walking
v_walk_dog_09_05,walking
v_walk_dog_09_06,walking
v_walk_dog_10_01,walking
v_walk_dog_10_02,walking
v_walk_dog_10_03,walking
v_walk_dog_10_04,walking
v_walk_dog_10_05,walking
v_walk_dog_11_01,walking
v_walk_dog_11_02,walking
v_walk_dog_11_03,walking
v_walk_dog_11_04,walking
v_walk_dog_11_05,walking
v_walk_dog_12_01,walking
v_walk_dog_12_02,walking
v_walk_dog_12_03,walking
v_walk_dog_12_04,walking
v_walk_dog_12_05,walking
v_walk_dog_13_01,walking
v_walk_dog_13_02,walking
v_walk_dog_13_03,walking
v_walk_dog_13_04,walking
v_walk_dog_13_05,walking
v_walk_dog_14_01,walking
v_walk_dog_14_02,walking
v_walk_dog_14_03,walking
v_walk_dog_14_04,walking
v_walk_dog_15_01,walking
v_walk_dog_15_02,walking
v_walk_dog_15_03,walking
v_walk_dog_15_04,walking
v_walk_dog_16_01,walking
v_walk_dog_16_02,walking
v_walk_dog_16_03,walking
v_walk_dog_16_04,walking
v_walk_dog_16_05,walking
v_walk_dog_17_01,walking
v_walk_dog_17_02,walking
v_walk_dog_17_03,walking
v_walk_dog_17_04,walking
v_walk_dog_17_05,walking
v_walk_dog_18_01,walking
v_walk_dog_18_02,walking
v_walk_dog_18_03,walking
v_walk_dog_18_04,walking
v_walk_dog_19_01,walking
v_walk_dog_19_02,walking
v_walk_dog_19_03,walking
v_walk_dog_19_04,walking
v_walk_dog_19_05,walking
v_walk_dog_20_01,walking
v_walk_dog_20_02,walking
v_walk_dog_20_03,walking
v_walk_dog_20_04,walking
v_walk_dog_20_05,walking
v_walk_dog_20_06,walking
v_walk_dog_20_07,walking
v_walk_dog_21_01,walking
v_walk_dog_21_02,walking
v_walk_dog_21_03,walking
v_walk_dog_21_04,walking
v_walk_dog_22_01,walking
v_walk_dog_22_02,walking
v_walk_dog_22_03,walking
v_walk_dog_22_04,walking
v_walk_dog_23_01,walking
v_walk_dog_23_02,walking
v_walk_dog_23_03,walking
v_walk_dog_23_04,walking
v_walk_dog_24_01,walking
v_walk_dog_24_02,walking
v_walk_dog_24_03,walking
v_walk_dog_24_04,walking
v_walk_dog_24_05,walking
v_walk_dog_24_06,walking
v_walk_dog_25_01,walking
v_walk_dog_25_02,walking
v_walk_dog_25_03,walking
v_walk_dog_25_04,walking
